{
  "code_distance": 72,
  "num_qubits": 108,
  "num_checks": 36,
  "num_logical": 12,
  "num_trials": 10000,
  "bp_iterations": 100,
  "p_errors": [
    0.0005,
    0.0008,
    0.001,
    0.003,
    0.005,
    0.008
  ],
  "logical_error_rates": [
    0.0001,
    0.0,
    0.0002,
    0.0011,
    0.0042,
    0.0129
  ],
  "decoding_failure_rates": [
    0.0001,
    0.0,
    0.0002,
    0.0011,
    0.0042,
    0.0129
  ],
  "avg_error_weights": [
    0.0589,
    0.085,
    0.1062,
    0.3146,
    0.5417,
    0.868
  ],
  "std_error_weights": [
    0.24255059266058288,
    0.28909341050947535,
    0.3229884827668008,
    0.5603809775500949,
    0.7365195924074254,
    0.9342248123444379
  ],
  "runtime": [
    26.571396112442017,
    26.652907609939575,
    26.57599186897278,
    26.692545413970947,
    27.52823781967163,
    27.278985261917114
  ]
}