{
  "code_distance": 72,
  "num_qubits": 108,
  "num_checks": 36,
  "num_logical": 12,
  "num_trials": 10000,
  "bp_iterations": 100,
  "p_errors": [
    0.0001,
    0.0005,
    0.001,
    0.002,
    0.005,
    0.01
  ],
  "logical_error_rates": [
    0.0,
    0.0,
    0.0001,
    0.0001,
    0.0048,
    0.0168
  ],
  "decoding_failure_rates": [
    0.0,
    0.0,
    0.0001,
    0.0001,
    0.0048,
    0.0171
  ],
  "avg_error_weights": [
    0.0124,
    0.0568,
    0.1099,
    0.2133,
    0.5352,
    1.0718
  ],
  "std_error_weights": [
    0.11066273085370704,
    0.23616468830034693,
    0.3334996101946747,
    0.4602207187861059,
    0.7316836474870817,
    1.0280295521044132
  ],
  "runtime": [
    27.073039770126343,
    26.886781454086304,
    27.06038999557495,
    27.020511627197266,
    27.686348915100098,
    27.516151666641235
  ]
}