{
  "code_distance": 144,
  "num_qubits": 216,
  "num_checks": 72,
  "num_logical": 12,
  "num_trials": 10000,
  "bp_iterations": 100,
  "p_errors": [
    0.0005,
    0.0008,
    0.001,
    0.003,
    0.005,
    0.008
  ],
  "logical_error_rates": [
    0.0001,
    0.0,
    0.0001,
    0.0025,
    0.0071,
    0.0282
  ],
  "decoding_failure_rates": [
    0.0001,
    0.0,
    0.0001,
    0.0025,
    0.0071,
    0.0282
  ],
  "avg_error_weights": [
    0.1124,
    0.1695,
    0.2151,
    0.6537,
    1.0739,
    1.7368
  ],
  "std_error_weights": [
    0.33371580723723593,
    0.4132429672722816,
    0.4617704949431048,
    0.8032286785218765,
    1.033943320496825,
    1.313592691818891
  ],
  "runtime": [
    53.33842062950134,
    53.4196937084198,
    53.4051308631897,
    53.50698447227478,
    54.772141218185425,
    54.696818351745605
  ]
}